[
  {
    "code":"KTR1",
    "description":"Tưng bừng khai trương",
    "amount":20,
    "status": 1,
    "date_created": "",
    "date_modified": "",
    "discount_type": 1,
    "date_expires":"",
    "usage_count":0,
    "product_ids":[],
    "excluded_product_ids":[],
    "usage_limit": 0,
    "usage_limit_per_user":0,
    "product_categories":[],
    "excluded_product_categories":[],
    "minimum_amount":0,
    "maximum_amount":0
  },{
  "code":"MPSH",
  "description":"Miễn phí ship",
  "amount":20000,
  "status": 1,
  "date_created": "",
  "date_modified": "",
  "discount_type": 2,
  "date_expires":"",
  "usage_count":0,
  "product_ids":[],
  "excluded_product_ids":[],
  "usage_limit": 0,
  "usage_limit_per_user":0,
  "product_categories":[],
  "excluded_product_categories":[],
  "minimum_amount":0,
  "maximum_amount":0
}
]
