[
  {
    "id": 1,
    "image": "https://theme.hstatic.net/200000370513/1000940538/14/logo.png?v=46",
    "title": "Hướng dẫn thanh toán VNPAY trên APP",
    "short_content": "Hướng dẫn thanh toán VNPAY trên APP",
    "content": "Lorem ipsum dolor sit amet, consectetur adipiscing elit. Etiam bibendum, augue non dictum viverra, quam enim molestie dui, congue mattis tortor diam eget tellus. Nulla facilisi. Mauris nunc odio, lobortis non tellus sit amet, suscipit porttitor tortor. Quisque commodo malesuada consequat. In id laoreet ex. Duis eu luctus augue, elementum tempus sapien. Ut luctus sapien cursus, sodales elit ullamcorper, scelerisque eros. Cras non consequat urna, et porta velit. Sed egestas magna quis orci laoreet, sit amet congue libero vehicula. Integer ac odio consequat, gravida mauris vel, laoreet massa. Quisque ultricies elementum risus, viverra dapibus metus sollicitudin at. Vestibulum tempus dictum libero vitae porttitor. Cras sit amet orci pretium, auctor lorem id, commodo purus. Maecenas egestas turpis id dolor viverra molestie."
  },
  {
    "id": 2,
    "image": "https://theme.hstatic.net/200000370513/1000940538/14/logo.png?v=46",
    "title": "Điều kiện giao dich",
    "short_content": "Lorem ipsum dolor sit amet, consectetur adipiscing elit. Etiam bibendum, augue non dictum viverra",
    "content": "Lorem ipsum dolor sit amet, consectetur adipiscing elit. Etiam bibendum, augue non dictum viverra, quam enim molestie dui, congue mattis tortor diam eget tellus. Nulla facilisi. Mauris nunc odio, lobortis non tellus sit amet, suscipit porttitor tortor. Quisque commodo malesuada consequat. In id laoreet ex. Duis eu luctus augue, elementum tempus sapien. Ut luctus sapien cursus, sodales elit ullamcorper, scelerisque eros. Cras non consequat urna, et porta velit. Sed egestas magna quis orci laoreet, sit amet congue libero vehicula. Integer ac odio consequat, gravida mauris vel, laoreet massa. Quisque ultricies elementum risus, viverra dapibus metus sollicitudin at. Vestibulum tempus dictum libero vitae porttitor. Cras sit amet orci pretium, auctor lorem id, commodo purus. Maecenas egestas turpis id dolor viverra molestie."
  },
  {
    "id": 3,
    "image": "https://theme.hstatic.net/200000370513/1000940538/14/logo.png?v=46",
    "title": "Chính sách bảo mật",
    "short_content": "Lorem ipsum dolor sit amet, consectetur adipiscing elit. Etiam bibendum, augue non dictum viverra",
    "content": "Lorem ipsum dolor sit amet, consectetur adipiscing elit. Etiam bibendum, augue non dictum viverra, quam enim molestie dui, congue mattis tortor diam eget tellus. Nulla facilisi. Mauris nunc odio, lobortis non tellus sit amet, suscipit porttitor tortor. Quisque commodo malesuada consequat. In id laoreet ex. Duis eu luctus augue, elementum tempus sapien. Ut luctus sapien cursus, sodales elit ullamcorper, scelerisque eros. Cras non consequat urna, et porta velit. Sed egestas magna quis orci laoreet, sit amet congue libero vehicula. Integer ac odio consequat, gravida mauris vel, laoreet massa. Quisque ultricies elementum risus, viverra dapibus metus sollicitudin at. Vestibulum tempus dictum libero vitae porttitor. Cras sit amet orci pretium, auctor lorem id, commodo purus. Maecenas egestas turpis id dolor viverra molestie."
  },
  {
    "id": 4,
    "image": "https://theme.hstatic.net/200000370513/1000940538/14/logo.png?v=46",
    "title": "Điều khoản bán hàng",
    "short_content": "Lorem ipsum dolor sit amet, consectetur adipiscing elit. Etiam bibendum, augue non dictum viverra",
    "content": "Lorem ipsum dolor sit amet, consectetur adipiscing elit. Etiam bibendum, augue non dictum viverra, quam enim molestie dui, congue mattis tortor diam eget tellus. Nulla facilisi. Mauris nunc odio, lobortis non tellus sit amet, suscipit porttitor tortor. Quisque commodo malesuada consequat. In id laoreet ex. Duis eu luctus augue, elementum tempus sapien. Ut luctus sapien cursus, sodales elit ullamcorper, scelerisque eros. Cras non consequat urna, et porta velit. Sed egestas magna quis orci laoreet, sit amet congue libero vehicula. Integer ac odio consequat, gravida mauris vel, laoreet massa. Quisque ultricies elementum risus, viverra dapibus metus sollicitudin at. Vestibulum tempus dictum libero vitae porttitor. Cras sit amet orci pretium, auctor lorem id, commodo purus. Maecenas egestas turpis id dolor viverra molestie."
  },
  {
    "id": 5,
    "image": "https://theme.hstatic.net/200000370513/1000940538/14/logo.png?v=46",
    "title": "Chính sách hoàn, huỷ",
    "short_content": "Lorem ipsum dolor sit amet, consectetur adipiscing elit. Etiam bibendum, augue non dictum viverra",
    "content": "Lorem ipsum dolor sit amet, consectetur adipiscing elit. Etiam bibendum, augue non dictum viverra, quam enim molestie dui, congue mattis tortor diam eget tellus. Nulla facilisi. Mauris nunc odio, lobortis non tellus sit amet, suscipit porttitor tortor. Quisque commodo malesuada consequat. In id laoreet ex. Duis eu luctus augue, elementum tempus sapien. Ut luctus sapien cursus, sodales elit ullamcorper, scelerisque eros. Cras non consequat urna, et porta velit. Sed egestas magna quis orci laoreet, sit amet congue libero vehicula. Integer ac odio consequat, gravida mauris vel, laoreet massa. Quisque ultricies elementum risus, viverra dapibus metus sollicitudin at. Vestibulum tempus dictum libero vitae porttitor. Cras sit amet orci pretium, auctor lorem id, commodo purus. Maecenas egestas turpis id dolor viverra molestie."
  },
  {
    "id": 6,
    "image": "https://theme.hstatic.net/200000370513/1000940538/14/logo.png?v=46",
    "title": "Chính sách giao hàng",
    "short_content": "Lorem ipsum dolor sit amet, consectetur adipiscing elit. Etiam bibendum, augue non dictum viverra",
    "content": "Lorem ipsum dolor sit amet, consectetur adipiscing elit. Etiam bibendum, augue non dictum viverra, quam enim molestie dui, congue mattis tortor diam eget tellus. Nulla facilisi. Mauris nunc odio, lobortis non tellus sit amet, suscipit porttitor tortor. Quisque commodo malesuada consequat. In id laoreet ex. Duis eu luctus augue, elementum tempus sapien. Ut luctus sapien cursus, sodales elit ullamcorper, scelerisque eros. Cras non consequat urna, et porta velit. Sed egestas magna quis orci laoreet, sit amet congue libero vehicula. Integer ac odio consequat, gravida mauris vel, laoreet massa. Quisque ultricies elementum risus, viverra dapibus metus sollicitudin at. Vestibulum tempus dictum libero vitae porttitor. Cras sit amet orci pretium, auctor lorem id, commodo purus. Maecenas egestas turpis id dolor viverra molestie."
  }
]
